{"best_score": 0.8758433061177542, "scores": [0.6268042420952916, 0.6268042420952916, 0.5110770569077717, 0.5110770569077717, 0.6268042420952916, 0.6268042420952916, 0.5110770569077717, 0.5110770569077717, 0.6268042420952916, 0.6268042420952916, 0.5110770569077717, 0.5110770569077717, 0.6268042420952916, 0.6268042420952916, 0.5110770569077717, 0.5110770569077717, 0.6268042420952916, 0.6268042420952916, 0.5110770569077717, 0.5110770569077717, 0.6131299999534948, 0.6131299999534948, 0.4997816643403808, 0.4997816643403808, 0.6131299999534948, 0.6131299999534948, 0.4997816643403808, 0.4997816643403808, 0.6131299999534948, 0.6131299999534948, 0.4997816643403808, 0.4997816643403808, 0.6131299999534948, 0.6131299999534948, 0.4997816643403808, 0.4997816643403808, 0.6131299999534948, 0.6131299999534948, 0.4997816643403808, 0.4997816643403808, 0.5838894780181069, 0.5838894780181069, 0.47614013309960895, 0.47614013309960895, 0.5838894780181069, 0.5838894780181069, 0.47614013309960895, 0.47614013309960895, 0.5838894780181069, 0.5838894780181069, 0.47614013309960895, 0.47614013309960895, 0.5838894780181069, 0.5838894780181069, 0.47614013309960895, 0.47614013309960895, 0.5838894780181069, 0.5838894780181069, 0.47614013309960895, 0.47614013309960895, 0.5518472232835557, 0.5518472232835557, 0.4510350740360769, 0.4510350740360769, 0.5518472232835557, 0.5518472232835557, 0.4510350740360769, 0.4510350740360769, 0.5518472232835557, 0.5518472232835557, 0.4510350740360769, 0.4510350740360769, 0.5518472232835557, 0.5518472232835557, 0.4510350740360769, 0.4510350740360769, 0.5518472232835557, 0.5518472232835557, 0.4510350740360769, 0.4510350740360769, 0.8567797138153376, 0.8567797138153376, 0.780300760445595, 0.780300760445595, 0.8567797138153376, 0.8567797138153376, 0.780300760445595, 0.780300760445595, 0.8567797138153376, 0.8567797138153376, 0.780300760445595, 0.780300760445595, 0.8567797138153376, 0.8567797138153376, 0.780300760445595, 0.780300760445595, 0.8567797138153376, 0.8567797138153376, 0.780300760445595, 0.780300760445595, 0.8426499953457258, 0.8426499953457258, 0.7649412653425061, 0.7649412653425061, 0.8426499953457258, 0.8426499953457258, 0.7649412653425061, 0.7649412653425061, 0.8426499953457258, 0.8426499953457258, 0.7649412653425061, 0.7649412653425061, 0.8426499953457258, 0.8426499953457258, 0.7649412653425061, 0.7649412653425061, 0.8426499953457258, 0.8426499953457258, 0.7649412653425061, 0.7649412653425061, 0.809259451501221, 0.809259451501221, 0.7313001515191729, 0.7313001515191729, 0.809259451501221, 0.809259451501221, 0.7313001515191729, 0.7313001515191729, 0.809259451501221, 0.809259451501221, 0.7313001515191729, 0.7313001515191729, 0.809259451501221, 0.809259451501221, 0.7313001515191729, 0.7313001515191729, 0.809259451501221, 0.809259451501221, 0.7313001515191729, 0.7313001515191729, 0.76998723669702, 0.76998723669702, 0.6934049073827173, 0.6934049073827173, 0.76998723669702, 0.76998723669702, 0.6934049073827173, 0.6934049073827173, 0.76998723669702, 0.76998723669702, 0.6934049073827173, 0.6934049073827173, 0.76998723669702, 0.76998723669702, 0.6934049073827173, 0.6934049073827173, 0.76998723669702, 0.76998723669702, 0.6934049073827173, 0.6934049073827173, 0.8698627171272343, 0.8698627171272343, 0.8209348176476224, 0.8209348176476224, 0.8698627171272343, 0.8698627171272343, 0.8209348176476224, 0.8209348176476224, 0.8698627171272343, 0.8698627171272343, 0.8209348176476224, 0.8209348176476224, 0.8698627171272343, 0.8698627171272343, 0.8209348176476224, 0.8209348176476224, 0.8698627171272343, 0.8698627171272343, 0.8209348176476224, 0.8209348176476224, 0.8561882370605348, 0.8561882370605348, 0.8044120061695992, 0.8044120061695992, 0.8561882370605348, 0.8561882370605348, 0.8044120061695992, 0.8044120061695992, 0.8561882370605348, 0.8561882370605348, 0.8044120061695992, 0.8044120061695992, 0.8561882370605348, 0.8561882370605348, 0.8044120061695992, 0.8044120061695992, 0.8561882370605348, 0.8561882370605348, 0.8044120061695992, 0.8044120061695992, 0.8216224039755611, 0.8216224039755611, 0.7684396668212838, 0.7684396668212838, 0.8216224039755611, 0.8216224039755611, 0.7684396668212838, 0.7684396668212838, 0.8216224039755611, 0.8216224039755611, 0.7684396668212838, 0.7684396668212838, 0.8216224039755611, 0.8216224039755611, 0.7684396668212838, 0.7684396668212838, 0.8216224039755611, 0.8216224039755611, 0.7684396668212838, 0.7684396668212838, 0.7804627592370234, 0.7804627592370234, 0.7281005631026279, 0.7281005631026279, 0.7804627592370234, 0.7804627592370234, 0.7281005631026279, 0.7281005631026279, 0.7804627592370234, 0.7804627592370234, 0.7281005631026279, 0.7281005631026279, 0.7804627592370234, 0.7804627592370234, 0.7281005631026279, 0.7281005631026279, 0.7804627592370234, 0.7804627592370234, 0.7281005631026279, 0.7281005631026279, 0.6334508735760677, 0.6334508735760677, 0.5165973442536663, 0.5165973442536663, 0.6334508735760677, 0.6334508735760677, 0.5165973442536663, 0.5165973442536663, 0.6334508735760677, 0.6334508735760677, 0.5165973442536663, 0.5165973442536663, 0.6334508735760677, 0.6334508735760677, 0.5165973442536663, 0.5165973442536663, 0.6334508735760677, 0.6334508735760677, 0.5165973442536663, 0.5165973442536663, 0.6268042420952916, 0.6268042420952916, 0.5110770569077717, 0.5110770569077717, 0.6268042420952916, 0.6268042420952916, 0.5110770569077717, 0.5110770569077717, 0.6268042420952916, 0.6268042420952916, 0.5110770569077717, 0.5110770569077717, 0.6268042420952916, 0.6268042420952916, 0.5110770569077717, 0.5110770569077717, 0.6268042420952916, 0.6268042420952916, 0.5110770569077717, 0.5110770569077717, 0.6131299999534948, 0.6131299999534948, 0.4997816643403808, 0.4997816643403808, 0.6131299999534948, 0.6131299999534948, 0.4997816643403808, 0.4997816643403808, 0.6131299999534948, 0.6131299999534948, 0.4997816643403808, 0.4997816643403808, 0.6131299999534948, 0.6131299999534948, 0.4997816643403808, 0.4997816643403808, 0.6131299999534948, 0.6131299999534948, 0.4997816643403808, 0.4997816643403808, 0.59884439888706, 0.59884439888706, 0.4881390366646619, 0.4881390366646619, 0.59884439888706, 0.59884439888706, 0.4881390366646619, 0.4881390366646619, 0.59884439888706, 0.59884439888706, 0.4881390366646619, 0.4881390366646619, 0.59884439888706, 0.59884439888706, 0.4881390366646619, 0.4881390366646619, 0.59884439888706, 0.59884439888706, 0.4881390366646619, 0.4881390366646619, 0.8627941443102737, 0.8627941443102737, 0.7876354231178566, 0.7876354231178566, 0.8627941443102737, 0.8627941443102737, 0.7876354231178566, 0.7876354231178566, 0.8627941443102737, 0.8627941443102737, 0.7876354231178566, 0.7876354231178566, 0.8627941443102737, 0.8627941443102737, 0.7876354231178566, 0.7876354231178566, 0.8627941443102737, 0.8627941443102737, 0.7876354231178566, 0.7876354231178566, 0.8567797138153376, 0.8567797138153376, 0.780300760445595, 0.780300760445595, 0.8567797138153376, 0.8567797138153376, 0.780300760445595, 0.780300760445595, 0.8567797138153376, 0.8567797138153376, 0.780300760445595, 0.780300760445595, 0.8567797138153376, 0.8567797138153376, 0.780300760445595, 0.780300760445595, 0.8567797138153376, 0.8567797138153376, 0.780300760445595, 0.780300760445595, 0.8426499953457258, 0.8426499953457258, 0.7649412653425061, 0.7649412653425061, 0.8426499953457258, 0.8426499953457258, 0.7649412653425061, 0.7649412653425061, 0.8426499953457258, 0.8426499953457258, 0.7649412653425061, 0.7649412653425061, 0.8426499953457258, 0.8426499953457258, 0.7649412653425061, 0.7649412653425061, 0.8426499953457258, 0.8426499953457258, 0.7649412653425061, 0.7649412653425061, 0.8267141930122227, 0.8267141930122227, 0.7486235300040086, 0.7486235300040086, 0.8267141930122227, 0.8267141930122227, 0.7486235300040086, 0.7486235300040086, 0.8267141930122227, 0.8267141930122227, 0.7486235300040086, 0.7486235300040086, 0.8267141930122227, 0.8267141930122227, 0.7486235300040086, 0.7486235300040086, 0.8267141930122227, 0.8267141930122227, 0.7486235300040086, 0.7486235300040086, 